Node,Map_Node,Latitude,Longitude,Origem,Regiao,Bairro,Endereco,Precisao,Observacao,Anchor_Count,DisplayLatitude,DisplayLongitude
CMBAA,CMBAA,-29.6960283897464,-53.76531363695992,,LESTE,CAMOBI,"CAMOBI, Santa Maria/RS",KML_EXATO,,1,-29.6960283897464,-53.76531363695992
CMBAB,CMBAB,-29.69898291113517,-53.71917963243199,,LESTE,CAMOBI,"CAMOBI, Santa Maria/RS",KML_EXATO,,1,-29.69898291113517,-53.71917963243199
CMBAC,CMBAC,-29.70393955186718,-53.72219236627667,,LESTE,CAMOBI,"CAMOBI, Santa Maria/RS",KML_EXATO,,1,-29.70393955186718,-53.72219236627667
CMBAD,CMBAD,-29.71090753525766,-53.72831356546504,,LESTE,CAMOBI,"CAMOBI, Santa Maria/RS",KML_EXATO,,1,-29.71090753525766,-53.72831356546504
CMBAE,CMBAE,-29.70672119730704,-53.72045553167101,,LESTE,CAMOBI,"CAMOBI, Santa Maria/RS",KML_EXATO,,1,-29.70672119730704,-53.72045553167101
CMBAF,CMBAF,-29.69931008722524,-53.71055213848328,,LESTE,CAMOBI,"CAMOBI, Santa Maria/RS",KML_EXATO,,1,-29.69931008722524,-53.71055213848328
CMBAG,CMBAG,-29.70704514998381,-53.71340864910512,,LESTE,CAMOBI,"CAMOBI, Santa Maria/RS",KML_EXATO,,1,-29.70704514998381,-53.71340864910512
CMBAH,CMBAH,-29.7139362249394,-53.72901091852533,,LESTE,CAMOBI,"CAMOBI, Santa Maria/RS",KML_EXATO,,1,-29.7139362249394,-53.72901091852533
CMBAI,CMBAI,-29.70908587726296,-53.73814742624912,,LESTE,CAMOBI,"CAMOBI, Santa Maria/RS",KML_EXATO,,1,-29.70908587726296,-53.73814742624912
CMBAJ,CMBAJ,-29.6922933795875,-53.73819211092228,,LESTE,CAMOBI,"CAMOBI, Santa Maria/RS",KML_EXATO,,1,-29.6922933795875,-53.73819211092228
CMBAK,CMBAK,-29.69416478072942,-53.7493065895638,,LESTE,CAMOBI,"CAMOBI, Santa Maria/RS",KML_EXATO,,1,-29.69416478072942,-53.7493065895638
CMBAL,CMBAL,-29.70194118867589,-53.75863234479324,,LESTE,CAMOBI,"CAMOBI, Santa Maria/RS",KML_EXATO,,1,-29.70194118867589,-53.75863234479324
CMBAM,CMBAM,-29.70461532651462,-53.70191135983327,,LESTE,CAMOBI,"CAMOBI, Santa Maria/RS",KML_EXATO,,1,-29.70461532651462,-53.70191135983327
CMBANA,CMBAN,-29.69855219275726,-53.73520901187234,,LESTE,CAMOBI,"CAMOBI, Santa Maria/RS",KML_ANCORA,Posição visual levemente deslocada; rota usa a coordenada original do KML.,2,-29.698627192757257,-53.735284011872345
CMBANB,CMBAN,-29.69855219275726,-53.73520901187234,,LESTE,CAMOBI,"CAMOBI, Santa Maria/RS",KML_ANCORA,Posição visual levemente deslocada; rota usa a coordenada original do KML.,2,-29.69847719275726,-53.73513401187234
CMBAO-CNTAV,,,,,,,,PENDENTE,,0,,
CNTAA,CNTAA,-29.68489307070928,-53.79251073196343,,CENTRAL,CENTRO,"CENTRO, Santa Maria/RS",KML_EXATO,,1,-29.68489307070928,-53.79251073196343
CNTAB,CNTAB,-29.69004793201811,-53.79165966853973,,CENTRAL,CENTRO,"CENTRO, Santa Maria/RS",KML_EXATO,,1,-29.69004793201811,-53.79165966853973
CNTAC,CNTAC,-29.68285781442578,-53.80070928443682,,CENTRAL,CERRITO,"CERRITO, Santa Maria/RS",KML_EXATO,,1,-29.68285781442578,-53.80070928443682
CNTAD,CNTAD,-29.67726325339811,-53.82015905875701,,OESTE,CATURRITA,"CATURRITA, Santa Maria/RS",KML_EXATO,,1,-29.67726325339811,-53.82015905875701
CNTAE,CNTAE,-29.69621091167734,-53.79793442737331,,CENTRAL,CENTRO,"CENTRO, Santa Maria/RS",KML_EXATO,,1,-29.69621091167734,-53.79793442737331
CNTAF,CNTAF,-29.69242076826417,-53.79834598204166,,CENTRAL,CENTRO,"CENTRO, Santa Maria/RS",KML_EXATO,,1,-29.69242076826417,-53.79834598204166
CNTAG,CNTAG,-29.69924550625266,-53.79377892273776,,CENTRAL,MENINO DEUS,"MENINO DEUS, Santa Maria/RS",KML_EXATO,,1,-29.69924550625266,-53.79377892273776
CNTAHA,CNTAHA,-29.6815679165957,-53.80661072256332,,CENTRAL,CERRITO,"CERRITO, Santa Maria/RS",KML_EXATO,,1,-29.6815679165957,-53.80661072256332
CNTAHB,CNTAHB,-29.6823099446326,-53.80570956446838,,CENTRAL,CERRITO,"CERRITO, Santa Maria/RS",KML_EXATO,,1,-29.6823099446326,-53.80570956446838
CNTAIA,CNTAI,-29.70623878535837,-53.80568423629066,,CENTRAL,MENINO DEUS,"MENINO DEUS, Santa Maria/RS",KML_ANCORA,,1,-29.70623878535837,-53.80568423629066
CNTAIB,CNTAIB,-29.70765914857647,-53.80569687002931,,CENTRAL,MENINO DEUS,"MENINO DEUS, Santa Maria/RS",KML_EXATO,,1,-29.70765914857647,-53.80569687002931
CNTAJ,CNTAJ,-29.68535595076832,-53.80520338882999,,CENTRAL,CERRITO,"CERRITO, Santa Maria/RS",KML_EXATO,,1,-29.68535595076832,-53.80520338882999
CNTAK,CNTAK,-29.71154414244755,-53.81374070377204,,SUL,BOI MORTO,"BOI MORTO, Santa Maria/RS",KML_EXATO,,1,-29.71154414244755,-53.81374070377204
CNTAL,CNTAL,-29.68879533676648,-53.80567039105044,,CENTRAL,CERRITO,"CERRITO, Santa Maria/RS",KML_EXATO,,1,-29.68879533676648,-53.80567039105044
CNTAM,CNTAM,-29.69028360335797,-53.80523036406727,,CENTRAL,CENTRO,"CENTRO, Santa Maria/RS",KML_EXATO,,1,-29.69028360335797,-53.80523036406727
CNTAN,CNTAN,-29.69219729066781,-53.80269038520008,,CENTRAL,CENTRO,"CENTRO, Santa Maria/RS",KML_EXATO,,1,-29.69219729066781,-53.80269038520008
CNTAOA,CNTAO,-29.68998511675668,-53.81267824855549,,OESTE,PATRONATO,"PATRONATO, Santa Maria/RS",KML_ANCORA,Posição visual levemente deslocada; rota usa a coordenada original do KML.,2,-29.69006011675668,-53.812753248555495
CNTAOB,CNTAO,-29.68998511675668,-53.81267824855549,,OESTE,PATRONATO,"PATRONATO, Santa Maria/RS",KML_ANCORA,Posição visual levemente deslocada; rota usa a coordenada original do KML.,2,-29.68991011675668,-53.81260324855549
CNTAPA,CNTAPA,-29.68038466762754,-53.81241345206247,,OESTE,CATURRITA,"CATURRITA, Santa Maria/RS",KML_EXATO,,1,-29.68038466762754,-53.81241345206247
CNTAPB,CNTAPB,-29.68136409806123,-53.81203283230856,,OESTE,CATURRITA,"CATURRITA, Santa Maria/RS",KML_EXATO,,1,-29.68136409806123,-53.81203283230856
CNTAQ,CNTAQ,-29.70374222710823,-53.80556609969371,,CENTRAL,MENINO DEUS,"MENINO DEUS, Santa Maria/RS",KML_EXATO,,1,-29.70374222710823,-53.80556609969371
CNTAR,CNTAR,-29.70335992831731,-53.81091977797228,,SUL,TANCREDO NEVES,"TANCREDO NEVES, Santa Maria/RS",KML_EXATO,,1,-29.70335992831731,-53.81091977797228
CNTASA,CNTAS,-29.69450457851119,-53.81829508717956,,OESTE,PATRONATO,"PATRONATO, Santa Maria/RS",KML_ANCORA,Posição visual levemente deslocada; rota usa a coordenada original do KML.,2,-29.69457957851119,-53.81837008717956
CNTASB,CNTAS,-29.69450457851119,-53.81829508717956,,OESTE,PATRONATO,"PATRONATO, Santa Maria/RS",KML_ANCORA,Posição visual levemente deslocada; rota usa a coordenada original do KML.,2,-29.69442957851119,-53.818220087179554
CNTAT,CNTAT,-29.69799173996637,-53.81298220146449,,SUL,TANCREDO NEVES,"TANCREDO NEVES, Santa Maria/RS",KML_EXATO,,1,-29.69799173996637,-53.81298220146449
CNTAU,CNTAU,-29.70053290518871,-53.82533561764645,,SUL,TANCREDO NEVES,"TANCREDO NEVES, Santa Maria/RS",KML_EXATO,,1,-29.70053290518871,-53.82533561764645
CNTAWA,CNTAWA,-29.70126649971457,-53.82372724062714,,SUL,TANCREDO NEVES,"TANCREDO NEVES, Santa Maria/RS",KML_EXATO,,1,-29.70126649971457,-53.82372724062714
CNTAWB,CNTAWB,-29.7028896283828,-53.82249288890988,,SUL,TANCREDO NEVES,"TANCREDO NEVES, Santa Maria/RS",KML_EXATO,,1,-29.7028896283828,-53.82249288890988
CNTAX,CNTAX,-29.69464366781303,-53.8106739959148,,SUL,TANCREDO NEVES,"TANCREDO NEVES, Santa Maria/RS",KML_EXATO,,1,-29.69464366781303,-53.8106739959148
CNTAY,CNTAY,-29.68479971811659,-53.81032405619372,,OESTE,PATRONATO,"PATRONATO, Santa Maria/RS",KML_EXATO,,1,-29.68479971811659,-53.81032405619372
CNTAZ,CNTAZ,-29.67902335577274,-53.82979080953991,,OESTE,CATURRITA,"CATURRITA, Santa Maria/RS",KML_EXATO,,1,-29.67902335577274,-53.82979080953991
CNTBAA,CNTBA,-29.69045266814446,-53.81879783245591,,OESTE,PATRONATO,"PATRONATO, Santa Maria/RS",KML_ANCORA,Posição visual levemente deslocada; rota usa a coordenada original do KML.,2,-29.69052766814446,-53.81887283245591
CNTBAB,CNTBA,-29.69045266814446,-53.81879783245591,,OESTE,PATRONATO,"PATRONATO, Santa Maria/RS",KML_ANCORA,Posição visual levemente deslocada; rota usa a coordenada original do KML.,2,-29.69037766814446,-53.818722832455904
CNTBB,CNTBB,-29.69074849671739,-53.81597695234787,,OESTE,PATRONATO,"PATRONATO, Santa Maria/RS",KML_EXATO,,1,-29.69074849671739,-53.81597695234787
CNTBC,CNTBC,-29.68953253611585,-53.82101716964754,,SUL,TANCREDO NEVES,"TANCREDO NEVES, Santa Maria/RS",KML_EXATO,,1,-29.68953253611585,-53.82101716964754
CNTBDA,CNTBD,-29.68289357923077,-53.81737700389878,,OESTE,CATURRITA,"CATURRITA, Santa Maria/RS",KML_ANCORA,Posição visual levemente deslocada; rota usa a coordenada original do KML.,2,-29.68296857923077,-53.81745200389878
CNTBDB,CNTBD,-29.68289357923077,-53.81737700389878,,OESTE,CATURRITA,"CATURRITA, Santa Maria/RS",KML_ANCORA,Posição visual levemente deslocada; rota usa a coordenada original do KML.,2,-29.682818579230773,-53.81730200389877
CNTBE,CNTBE,-29.68820301831508,-53.82659033778617,,SUL,TANCREDO NEVES,"TANCREDO NEVES, Santa Maria/RS",KML_EXATO,,1,-29.68820301831508,-53.82659033778617
CNTBF,CNTBF,-29.68544517607471,-53.83254686186522,,SUL,TANCREDO NEVES,"TANCREDO NEVES, Santa Maria/RS",KML_EXATO,,1,-29.68544517607471,-53.83254686186522
CNTBG,CNTBG,-29.69243520157922,-53.81147235888191,,OESTE,PATRONATO,"PATRONATO, Santa Maria/RS",KML_EXATO,,1,-29.69243520157922,-53.81147235888191
CNTBHA,CNTBH,-29.68677917075019,-53.81299198166376,,OESTE,PATRONATO,"PATRONATO, Santa Maria/RS",KML_ANCORA,Posição visual levemente deslocada; rota usa a coordenada original do KML.,2,-29.686854170750188,-53.81306698166376
CNTBHB,CNTBH,-29.68677917075019,-53.81299198166376,,OESTE,PATRONATO,"PATRONATO, Santa Maria/RS",KML_ANCORA,Posição visual levemente deslocada; rota usa a coordenada original do KML.,2,-29.68670417075019,-53.81291698166376
CNTBI,CNTBI,-29.68367411381187,-53.78826263601208,,CENTRAL,SALGADO FILHO,"SALGADO FILHO, Santa Maria/RS",KML_EXATO,,1,-29.68367411381187,-53.78826263601208
CNTBJ,CNTBJ,-29.68916764518994,-53.79528922279308,,CENTRAL,CENTRO,"CENTRO, Santa Maria/RS",KML_EXATO,,1,-29.68916764518994,-53.79528922279308
CNTBK,CNTBK,-29.68791350379393,-53.80752604376274,,CENTRAL,CERRITO,"CERRITO, Santa Maria/RS",KML_EXATO,,1,-29.68791350379393,-53.80752604376274
CNTBL,CNTBL,-29.70187182372061,-53.806504125024,,CENTRAL,MENINO DEUS,"MENINO DEUS, Santa Maria/RS",KML_EXATO,,1,-29.70187182372061,-53.806504125024
CNTBM,CNTBM,-29.698459242614,-53.81846507970565,,OESTE,PATRONATO,"PATRONATO, Santa Maria/RS",KML_EXATO,,1,-29.698459242614,-53.81846507970565
CNTBN,,,,,,,,PENDENTE,,0,,
CNTBO,CNTBO,-29.69494038655502,-53.81043956414121,,SUL,TANCREDO NEVES,"TANCREDO NEVES, Santa Maria/RS",KML_EXATO,,1,-29.69494038655502,-53.81043956414121
ITRAA,ITRAA,-29.67770304307831,-53.79455536349671,,CENTRAL,ITARARE,"ITARARE, Santa Maria/RS",KML_EXATO,,1,-29.67770304307831,-53.79455536349671
ITRAB,ITRAB,-29.67367961502535,-53.79772257360996,,CENTRAL,ITARARE,"ITARARE, Santa Maria/RS",KML_EXATO,,1,-29.67367961502535,-53.79772257360996
ITRAC,ITRAC,-29.66871279615877,-53.81127735040673,,CENTRAL,ITARARE,"ITARARE, Santa Maria/RS",KML_EXATO,,1,-29.66871279615877,-53.81127735040673
ITRAD,ITRAD,-29.67406960867917,-53.8090864417923,,CENTRAL,ITARARE,"ITARARE, Santa Maria/RS",KML_EXATO,,1,-29.67406960867917,-53.8090864417923
JKBAA,JKBAA,-29.691592445001,-53.8605015952202,,OESTE,JUSCELINO KUBITSCHEK,"JUSCELINO KUBITSCHEK, Santa Maria/RS",KML_EXATO,,1,-29.691592445001,-53.8605015952202
JKBAB,JKBAB,-29.6926208786545,-53.85506233331691,,OESTE,JUSCELINO KUBITSCHEK,"JUSCELINO KUBITSCHEK, Santa Maria/RS",KML_EXATO,,1,-29.6926208786545,-53.85506233331691
JKBAC,JKBAC,-29.6962590786138,-53.8440500628655,,OESTE,JUSCELINO KUBITSCHEK,"JUSCELINO KUBITSCHEK, Santa Maria/RS",KML_EXATO,,1,-29.6962590786138,-53.8440500628655
JKBAD,JKBAD,-29.69397423877191,-53.8702916643651,,OESTE,JUSCELINO KUBITSCHEK,"JUSCELINO KUBITSCHEK, Santa Maria/RS",KML_EXATO,,1,-29.69397423877191,-53.8702916643651
JKBAE,JKBAE,-29.69337701144469,-53.87744370954153,,OESTE,JUSCELINO KUBITSCHEK,"JUSCELINO KUBITSCHEK, Santa Maria/RS",KML_EXATO,,1,-29.69337701144469,-53.87744370954153
JKBAF,JKBAF,-29.6997511959581,-53.8564150943898,,OESTE,JUSCELINO KUBITSCHEK,"JUSCELINO KUBITSCHEK, Santa Maria/RS",KML_EXATO,,1,-29.6997511959581,-53.8564150943898
JKBAG,JKBAG,-29.6994161017711,-53.8760256071415,,OESTE,JUSCELINO KUBITSCHEK,"JUSCELINO KUBITSCHEK, Santa Maria/RS",KML_EXATO,,1,-29.6994161017711,-53.8760256071415
JKBAH,JKBAH,-29.7035812590293,-53.87324846203111,,OESTE,JUSCELINO KUBITSCHEK,"JUSCELINO KUBITSCHEK, Santa Maria/RS",KML_EXATO,,1,-29.7035812590293,-53.87324846203111
JOBIM,,,,,,,,PENDENTE,,0,,
TMZAA,TMZAA,-29.71684520858835,-53.80439155985972,,SUL,TOMAZETTI,"TOMAZETTI, Santa Maria/RS",KML_EXATO,,1,-29.71684520858835,-53.80439155985972
TMZAB,TMZAB,-29.72683845780676,-53.8066394932052,,SUL,TOMAZETTI,"TOMAZETTI, Santa Maria/RS",KML_EXATO,,1,-29.72683845780676,-53.8066394932052
TMZAC,TMZAC,-29.7227004787208,-53.789779073297,,SUL,TOMAZETTI,"TOMAZETTI, Santa Maria/RS",KML_EXATO,,1,-29.7227004787208,-53.789779073297
TMZAD,TMZAD,-29.71380451541866,-53.78034677834442,,SUL,TOMAZETTI,"TOMAZETTI, Santa Maria/RS",KML_EXATO,,1,-29.71380451541866,-53.78034677834442
TMZAE,TMZAE,-29.71491325467785,-53.78558282742154,,SUL,TOMAZETTI,"TOMAZETTI, Santa Maria/RS",KML_EXATO,,1,-29.71491325467785,-53.78558282742154
TMZAF,TMZAF,-29.72503529843056,-53.80258832251306,,SUL,TOMAZETTI,"TOMAZETTI, Santa Maria/RS",KML_EXATO,,1,-29.72503529843056,-53.80258832251306
TMZAG,TMZAG,-29.71787735912007,-53.81330208556216,,SUL,TOMAZETTI,"TOMAZETTI, Santa Maria/RS",KML_EXATO,,1,-29.71787735912007,-53.81330208556216
TMZAH,TMZAH,-29.7127429328809,-53.82417438906115,,SUL,TOMAZETTI,"TOMAZETTI, Santa Maria/RS",KML_EXATO,,1,-29.7127429328809,-53.82417438906115
TMZAI,TMZAI,-29.71780229936294,-53.81959767215645,,SUL,TOMAZETTI,"TOMAZETTI, Santa Maria/RS",KML_EXATO,,1,-29.71780229936294,-53.81959767215645
