"Node","Pontuação","Impactado","Estressado","Total"
"CNTBO-1","49","13","8","29"
"JKBAC-3","49","101","140","264"
"ITRAA-1","56","27","104","138"
"CNTBDA-4","60","21","68","117"
"CNTBC-2","62","23","51","123"
"JKBAA-1","62","21","176","229"
"CNTAQ-1","64","22","100","194"
"CNTASB-1","65","1","0","8"
"CNTAA-4","65","22","104","199"
"CNTBL-1","67","14","88","173"
"JKBAH-1","67","7","149","213"
"CMBAK-1","69","11","8","76"
"TMZAH-2","69","11","24","100"
"CNTAA-2","69","43","66","313"
"TMZAH-1","70","5","38","81"
"CNTAF-3","72","6","3","57"
"CNTAOB-2","72","6","4","76"
"CMBAI-4","75","2","11","37"
"CNTAE-4","75","9","19","106"
"CMBAB-1","75","5","31","120"
"CNTAWB-1","75","11","20","188"
"ITRAB-1","75","2","87","179"
"CNTBB-2","76","7","2","65"
"CNTAY-3","76","0","78","169"
"CNTAG-1","77","3","2","34"
"TMZAE-1","77","3","5","49"
"CMBANA-3","78","4","5","52"
"CNTAN-4","78","7","6","89"
"CNTAC-3","78","6","12","108"
"CNTAZ-4","78","4","24","117"
"CNTAE-1","78","0","49","121"
"CNTAU-2","78","10","7","138"
"CNTBF-1","78","7","34","168"
"CNTAX-2","79","3","13","70"
"CMBANB-2","79","5","2","93"
"JKBAC-1","79","4","15","107"
"CMBAB-3","79","5","2","121"
"CNTAQ-3","80","0","1","3"
"CNTAB-3","80","1","4","41"
"CMBAG-2","80","2","4","68"
"ITRAA-2","80","4","13","87"
"CMBAJ-1","80","5","11","93"
"CNTAB-4","80","6","12","120"
"CNTAB-1","80","9","6","173"
"CNTAWA-1","80","8","29","226"
"TMZAD-1","81","1","1","17"
"CNTAR-1","81","0","21","71"
"CNTAHB-4","81","2","7","78"
"CNTAJ-1","81","2","16","85"
"ITRAA-4","81","5","4","101"
"JKBAC-2","81","6","10","120"
"TMZAI-1","81","8","28","196"
"CNTBJ-3","82","1","0","30"
"CNTASB-2","82","1","1","34"
"CNTAK-1","82","3","0","64"
"CNTASA-3","82","3","4","78"
"CNTAT-4","82","3","1","80"
"CMBAG-4","82","3","1","78"
"CMBAB-4","82","2","14","93"
"CNTBN-3","82","6","3","105"
"TMZAC-1","82","3","11","107"
"CNTBF-2","82","6","15","156"
"JKBAC-4","82","6","15","142"
"CNTAIB-1","82","8","9","188"
"TMZAD-3","83","0","3","13"
"CMBAO-CNTAV","83","1","0","18"
"CMBANA-1","83","0","6","26"
"CNTAC-2","83","2","1","41"
"CNTBL-3","83","1","1","39"
"CNTAHB-3","83","1","1","40"
"CNTBC-4","83","1","6","60"
"CNTAN-2","83","3","4","71"
"CMBANB-1","83","2","14","89"
"CNTAX-3","83","2","1","91"
"CNTAC-4","83","4","8","133"
"CNTBAB-1","83","5","20","168"
"CNTBDA-1","83","6","36","262"
"TMZAG-2","83","6","22","296"
"CMBAH-1","84","2","1","46"
"ITRAC-3","84","3","0","77"
"CNTBB-4","84","3","3","94"
"CNTAOA-2","84","2","9","100"
"CNTAJ-3","84","3","5","101"
"CNTAD-2","84","4","3","119"
"TMZAB-1","84","2","12","122"
"CNTBDB-1","84","3","16","130"
"CMBANA-4","84","4","8","137"
"CMBAD-2","84","5","5","146"
"CNTBN-1","84","2","13","150"
"CNTBDA-2","84","4","14","142"
"ITRAD-2","84","4","10","147"
"CNTAHA-2","84","1","31","162"
"JKBAE-1","84","5","7","173"
"ITRAB-2","84","6","9","173"
"CNTAE-3","84","6","9","211"
"CNTBE-1","84","8","10","250"
"CMBAI-1","85","1","1","27"
"CNTAE-2","85","1","4","43"
"CMBAD-4","85","1","7","60"
"CNTBN-2","85","3","0","68"
"CMBAE-4","85","3","3","94"
"CMBAK-2","85","4","2","96"
"CNTBG-1","85","1","11","100"
"CMBAC-3","85","1","12","115"
"CNTAPA-4","85","4","3","121"
"CNTAB-2","85","2","5","147"
"CNTBK-4","85","2","22","183"
"CNTAIB-2","85","4","6","182"
"CNTBE-3","85","4","14","202"
"JKBAA-2","85","7","2","203"
"JKBAE-2","85","6","23","268"
"CNTAHA-1","86","0","1","6"
"CNTAN-1","86","1","0","27"
"TMZAA-3","86","1","2","65"
"CNTAY-4","86","2","3","73"
"TMZAA-2","86","2","3","72"
"ITRAA-3","86","2","6","93"
"CMBAL-3","86","3","4","99"
"CNTAY-1","86","2","4","101"
"CNTAPA-2","86","3","5","115"
"ITRAC-4","86","3","1","105"
"TMZAB-2","86","1","14","116"
"CNTBC-1","86","2","11","140"
"JKBAB-2","86","4","12","185"
"ITRAC-1","87","0","11","83"
"CNTBO-4","87","2","3","75"
"CNTAG-2","87","2","4","93"
"CMBAD-3","87","2","6","95"
"CNTAWB-4","87","1","1","95"
"CMBAE-2","87","2","7","111"
"ITRAC-2","87","2","4","122"
"CNTBHA-3","87","2","9","124"
"CNTAWA-2","87","2","6","130"
"CMBAL-1","87","3","3","133"
"CMBAC-2","87","4","4","167"
"CNTBE-2","87","4","10","202"
"CNTBK-3","87","5","6","199"
"CNTAL-4","87","5","6","206"
"JKBAF-1","87","5","13","229"
"CNTBL-4","87","4","13","247"
"JKBAD-1","87","5","12","277"
"CNTBHB-2","87","5","21","300"
"CMBAI-3","88","0","2","17"
"CNTBO-3","88","1","0","37"
"CMBAA-2","88","2","1","74"
"CNTASA-2","88","1","1","73"
"TMZAA-4","88","2","2","80"
"CMBAA-1","88","1","2","91"
"CMBAB-2","88","1","7","97"
"CMBAF-1","88","2","4","102"
"CNTBI-1","88","2","4","135"
"JOBIM-1","88","3","0","147"
"CNTBJ-4","88","4","4","162"
"CNTAA-1","88","4","7","204"
"JKBAB-1","88","3","8","197"
"CNTAHB-1","88","3","9","236"
"JKBAD-2","88","2","18","249"
"CNTAHA-3","88","5","12","274"
"CMBAF-2","89","0","3","29"
"CMBAF-4","89","1","4","81"
"TMZAH-4","89","2","0","88"
"CNTAD-3","89","1","5","87"
"CNTAM-2","89","1","1","87"
"ITRAD-1","89","1","1","96"
"CNTAZ-1","89","2","2","102"
"CMBAM-1","89","2","2","94"
"CMBAG-3","89","2","3","103"
"CNTAD-4","89","2","3","104"
"CNTAU-1","89","1","9","120"
"CMBAL-2","89","2","5","124"
"CNTAPB-4","89","3","3","143"
"CMBAE-1","89","1","14","196"
"CNTBDB-2","89","2","1","173"
"CNTAIA-1","89","2","6","189"
"CNTBAB-2","89","2","5","225"
"CNTAOB-1","89","2","12","228"
"CMBAF-3","90","0","3","37"
"CNTAT-1","90","1","0","47"
"CNTAIA-2","90","1","1","64"
"CNTAD-1","90","1","5","104"
"TMZAF-2","90","1","7","134"
"CNTAWB-2","90","2","2","176"
"CNTBI-2","90","3","3","206"
"CNTBB-3","90","3","0","203"
"JKBAH-2","90","1","15","233"
"CNTAJ-4","91","0","2","32"
"TMZAG-1","91","0","3","45"
"CNTAF-1","91","1","0","66"
"CNTAK-2","91","1","1","84"
"JKBAG-2","91","1","4","110"
"CMBAL-4","91","1","4","135"
"TMZAF-1","91","1","7","151"
"CNTBM-2","91","1","7","224"
"JKBAF-2","91","3","3","213"
"CNTBK-2","91","3","1","267"
"CNTAHA-4","92","0","1","17"
"CNTBJ-1","92","0","1","18"
"CNTBO-2","92","0","2","38"
"CNTBC-3","92","0","2","37"
"TMZAH-3","92","0","5","100"
"CNTBB-1","92","1","1","99"
"CNTBAA-2","92","1","0","159"
"CNTBM-3","92","1","5","159"
"CNTAN-3","93","0","2","44"
"CNTAG-4","93","0","3","82"
"CNTAT-3","93","0","3","76"
"CNTAL-2","93","0","4","86"
"TMZAI-2","93","0","5","139"
"CMBAE-3","93","1","1","142"
"CMBAC-4","93","0","3","131"
"CNTBG-2","93","1","2","135"
"CNTBHB-1","93","1","3","195"
"CNTAM-3","93","1","4","197"
"CNTAZ-3","93","1","4","187"
"CNTAM-1","93","1","6","239"
"CNTAWB-3","94","0","1","39"
"CNTAIA-4","94","0","2","65"
"TMZAA-1","94","0","2","72"
"CNTAY-2","95","0","1","40"
"CNTAIA-3","95","0","1","43"
"CNTAC-1","95","0","2","96"
"CNTBAA-4","95","0","3","142"
"CNTAJ-2","96","0","1","84"
"CNTAQ-2","96","0","1","70"
"JKBAG-1","96","0","1","88"
"CMBAG-1","96","0","1","66"
"CMBAC-1","96","0","2","124"
"CNTBHA-2","98","0","1","234"
"CNTASA-4","100","0","0","24"
"CNTAT-2","100","0","0","69"
"CNTBHA-1","100","0","0","110"
"CNTAQ-4","100","0","0","6"
"CNTBAA-1","100","0","0","34"
"CNTBJ-2","100","0","0","15"
"CNTAPB-3","100","0","0","14"
"TMZAD-4","100","0","0","19"
"CNTAOA-4","100","0","0","109"
"CNTAPB-2","100","0","0","57"
"CNTAA-3","100","0","0","32"
"CNTAOA-3","100","0","0","24"
"CNTAF-2","100","0","0","50"
"CNTBL-2","100","0","0","10"